image_id,link
1,https://postgresql-monitoring.s3.eu-central-1.amazonaws.com/1.png
2,https://postgresql-monitoring.s3.eu-central-1.amazonaws.com/2.png
3,https://postgresql-monitoring.s3.eu-central-1.amazonaws.com/3.png
4,https://postgresql-monitoring.s3.eu-central-1.amazonaws.com/4.png
5,https://postgresql-monitoring.s3.eu-central-1.amazonaws.com/5.png
6,https://postgresql-monitoring.s3.eu-central-1.amazonaws.com/6.png
7,https://postgresql-monitoring.s3.eu-central-1.amazonaws.com/7.png
8,https://postgresql-monitoring.s3.eu-central-1.amazonaws.com/8.png
9,https://postgresql-monitoring.s3.eu-central-1.amazonaws.com/9.png
10,https://postgresql-monitoring.s3.eu-central-1.amazonaws.com/10.png
11,https://postgresql-monitoring.s3.eu-central-1.amazonaws.com/11.png
12,https://postgresql-monitoring.s3.eu-central-1.amazonaws.com/12.png
13,https://postgresql-monitoring.s3.eu-central-1.amazonaws.com/13.png
14,https://postgresql-monitoring.s3.eu-central-1.amazonaws.com/14.png
15,https://postgresql-monitoring.s3.eu-central-1.amazonaws.com/15.png
16,https://postgresql-monitoring.s3.eu-central-1.amazonaws.com/16.png
17,https://postgresql-monitoring.s3.eu-central-1.amazonaws.com/17.png
18,https://postgresql-monitoring.s3.eu-central-1.amazonaws.com/18.png
19,https://postgresql-monitoring.s3.eu-central-1.amazonaws.com/19.png
20,https://postgresql-monitoring.s3.eu-central-1.amazonaws.com/20.png